{"cameraMode":{"drawMode":0,"name":"Shaded","section":"Shading Mode"},"sceneLighting":true,"audioPlay":false,"sceneViewState":{"showFog":true,"showMaterialUpdate":false,"showSkybox":true,"showFlares":true,"showImageEffects":true,"showParticleSystems":true},"in2DMode":false,"pivot":{"x":35.223506927490237,"y":16.113683700561525,"z":-27.728759765625},"rotation":{"x":0.1162354126572609,"y":-0.09163595736026764,"z":0.010770647786557675,"w":0.9889277219772339},"size":67.60981750488281,"orthographic":true}