{"cameraMode":{"drawMode":0,"name":"Shaded","section":"Shading Mode"},"sceneLighting":false,"audioPlay":false,"sceneViewState":{"showFog":true,"showMaterialUpdate":false,"showSkybox":false,"showFlares":true,"showImageEffects":true,"showParticleSystems":true},"in2DMode":false,"pivot":{"x":-0.0354611873626709,"y":1.1377062797546387,"z":21.144235610961915},"rotation":{"x":0.05841565504670143,"y":-0.04191775619983673,"z":0.002443878911435604,"w":0.997421383857727},"size":9.148097038269043,"orthographic":true}