{"cameraMode":{"drawMode":0,"name":"Shaded","section":"Shading Mode"},"sceneLighting":false,"audioPlay":false,"sceneViewState":{"showFog":true,"showMaterialUpdate":false,"showSkybox":false,"showFlares":true,"showImageEffects":true,"showParticleSystems":true},"in2DMode":false,"pivot":{"x":1.9599990844726563,"y":10.550000190734864,"z":24.100000381469728},"rotation":{"x":0.03146079182624817,"y":0.046460408717393878,"z":-0.001464366097934544,"w":0.9984254240989685},"size":93.12830352783203,"orthographic":true}