{"cameraMode":{"drawMode":0,"name":"Shaded","section":"Shading Mode"},"sceneLighting":false,"audioPlay":false,"sceneViewState":{"showFog":true,"showMaterialUpdate":false,"showSkybox":false,"showFlares":true,"showImageEffects":true,"showParticleSystems":true},"in2DMode":false,"pivot":{"x":-0.002771228551864624,"y":-8.767009735107422,"z":0.017636820673942567},"rotation":{"x":0.5853886008262634,"y":-0.02892242558300495,"z":0.02089543640613556,"w":0.8099830150604248},"size":6.208467483520508,"orthographic":false}