{"cameraMode":{"drawMode":0,"name":"Shaded","section":"Shading Mode"},"sceneLighting":false,"audioPlay":false,"sceneViewState":{"showFog":true,"showMaterialUpdate":false,"showSkybox":false,"showFlares":true,"showImageEffects":true,"showParticleSystems":true},"in2DMode":false,"pivot":{"x":-0.062077999114990237,"y":1.265803575515747,"z":-0.7858771085739136},"rotation":{"x":0.21971923112869264,"y":-0.06317049264907837,"z":-0.014259783551096917,"w":-0.9734143614768982},"size":3.1428170204162599,"orthographic":true}