{"cameraMode":{"drawMode":0,"name":"Shaded","section":"Shading Mode"},"sceneLighting":false,"audioPlay":false,"sceneViewState":{"showFog":true,"showMaterialUpdate":false,"showSkybox":false,"showFlares":true,"showImageEffects":true,"showParticleSystems":true},"in2DMode":false,"pivot":{"x":-0.000002384185791015625,"y":1.2890779972076417,"z":-0.26556944847106936},"rotation":{"x":0.000008770612112130038,"y":-0.9999971389770508,"z":0.004499712493270636,"w":0.0032992330379784109},"size":15.988518714904786,"orthographic":true}