{"cameraMode":{"drawMode":0,"name":"Shaded","section":"Shading Mode"},"sceneLighting":false,"audioPlay":false,"sceneViewState":{"showFog":true,"showMaterialUpdate":false,"showSkybox":false,"showFlares":true,"showImageEffects":true,"showParticleSystems":true},"in2DMode":false,"pivot":{"x":1.5235624313354493,"y":-1.2500672340393067,"z":-4.8065667152404789},"rotation":{"x":0.0029975848738104107,"y":-0.04048972204327583,"z":0.00010432119597680867,"w":0.9991864562034607},"size":11.431534767150879,"orthographic":true}